Epoch,Train_Loss,Val_Tau,Val_Spearman,Exact_Match_Pct,Acc_Short_Events,Acc_Long_Events,Ratio_Long_vs_Short
1,0.4781783715768642,0.7500085790077236,0.8438683571917106,6.58682634730539,86.88303408795211,88.17415142996539,1.0148604080827366
2,0.3047259019430491,0.7749641196176695,0.8631905733274424,7.955517536355859,87.79872495446266,89.78431228878456,1.0226152183343409
3,0.2278662450612454,0.783801883887427,0.8725395149475561,6.244653550042772,88.24590163934425,90.2204295406442,1.0223752929554704
4,0.179558927138291,0.7848496147897345,0.8757132730400481,6.58682634730539,88.51418162893572,90.0372257438447,1.0172067807314065
5,0.1414721397756564,0.7801132903784742,0.8727795657436377,5.0470487596236095,88.0055945875618,90.09697517747608,1.0237641777175135
6,0.14087661419310088,0.7847035200328613,0.8766405678723901,5.9024807527801535,88.3208430913349,90.23292747800798,1.0216492995282638
7,0.11180559692317114,0.7776964599890176,0.872640668427666,4.875962360992301,87.69060629716367,90.18799328280545,1.0284795269538758
