Epoch,Train_Loss,Val_Tau,Val_Spearman,Exact_Match_Pct,Acc_Short_Events,Acc_Long_Events,Ratio_Long_vs_Short
1,0.720313599318718,0.468143319469239,0.5742342060562762,2.1385799828913603,75.09367681498829,71.56678741651909,0.9530334703525232
2,0.6159752122152076,0.473015873015873,0.5767664756116424,2.9940119760479043,75.05256310174343,72.1211346792742,0.9609416613994209
3,0.5942781712560966,0.4795848671811032,0.5852420889632182,2.9084687767322497,75.92414780119698,71.85689683006319,0.9464300741078628
4,0.579193417881755,0.476193723584656,0.5808332813465404,2.8229255774165956,76.12724434035908,71.28068711252968,0.9363361005665617
5,0.5758299205447459,0.46241865728606524,0.5661496686945788,2.4807527801539777,75.15170439760604,70.90488521615535,0.9434900483562956
6,0.5705684140109797,0.44546100226168656,0.5510019920199561,2.309666381522669,74.08912308092636,70.29128891382916,0.9487396528779416
