Epoch,Train_Loss,Val_Tau,Val_Spearman,Exact_Match_Pct,Acc_Short_Events,Acc_Long_Events,Ratio_Long_vs_Short
1,0.3876175807302226,0.8298262425721793,0.9002103043805354,20.444824636441403,92.29417122040073,90.61520471180577,0.9818085314988577
2,0.2116892599548484,0.8612252019437647,0.9230670099789005,24.46535500427716,93.78337236533957,92.27326638775655,0.9838979347884793
3,0.14388113561510882,0.8756421888158414,0.9331748092227135,27.28828058169376,94.36520947176685,93.14581065922746,0.9870778773303712
4,0.10668340737350122,0.8730058174882811,0.9336923199412507,24.893071000855432,94.1575591985428,93.09674225595515,0.9887335976886276
5,0.07963933856851375,0.8558708756313547,0.924986383733176,19.076133447390934,93.35558157689306,92.18022883496944,0.9874099360523448
6,0.06103038767397342,0.8598360578685643,0.9249872667965054,20.273738237810093,93.36651053864169,92.58290904086968,0.9916072530369687
